index,song,genre,singer,title,tempo1,tempo2,mean_ft1,var_ft1,mean_ft2,var_ft2,mean_mel1,var_mel1,mean_mel2,var_mel2,mean_harm1,var_harm1,mean_perc1,var_perc1,mean_harm2,var_harm2,mean_perc2,var_perc2,mean_sc1,var_sc1,mean_sc2,var_sc2,mean_chroma1,var_chroma1,mean_chroma2,var_chroma2,mean_mfccs1,var_mfccs1,mean_mfccs2,var_mfccs2,zero_crossings_mean1,zero_crossings_var1,zero_crossings_mean2,zero_crossings_var2
0,SUPERBEE(수퍼비)  - 수퍼비와 (Feat. BewhY) (Prod. BewhY) 가사-njJt2uSJi9Q.mp3,hip-hop,SUPERBEE(수퍼비) ,수퍼비와 (Feat. BewhY) (Prod. BewhY) ,0.6033957868540434,0.6221612571971536,0.23182943676490275,0.28661697920421003,0.23727279213443825,0.4928154590987213,0.0,0.5918743139805733,0.02005517755709321,1.0,0.22808644072180564,0.2281206926553245,0.2280863247423945,0.22811584603212906,0.22808650968422234,0.22830338164948416,0.2280861446287647,0.2281636947731509,0.22905213716044096,0.2281434612119547,0.2292719335947152,0.22813518846108224,0.2291524288632121,0.2283591985392173,0.2294051333684131,0.22833003909117386,0.2296069626384582,0.2281596696853712,0.2296883336354837,0.22816786950112705,0.22839987747171595,0.2283676557125975,0.228307757904107,0.22829169035212685
1,"창모 (CHANGMO), 해쉬스완 (Hash Swan), 애쉬 아일랜드 (ASH ISLAND), 김효은  - BAND.mp3",hip-hop,"창모 (CHANGMO), 해쉬스완 (Hash Swan), 애쉬 아일랜드 (ASH ISLAND), 김효은 ",BAND,1.0,1.0,0.35631573378752285,0.524990195985849,0.35739143453109895,0.5906772291623147,0.0,0.6672544751255808,0.0022481520250542397,0.7347902529022285,0.3491316054712359,0.3492287595041894,0.3491318798085187,0.3492429230261069,0.34913170871832905,0.3492767506553013,0.3491317469124729,0.34926870141717026,0.3508707297493152,0.3492284778763113,0.3508400538039869,0.3492898474494051,0.3508292054991932,0.3495911206028279,0.3511712216449785,0.3495272146568144,0.3513786391976039,0.3492707904358395,0.35133318931822866,0.3492543708338885,0.34973699352140525,0.349656201789063,0.3496278945363377,0.349573604621474
2,프라이머리  - 독 (Feat. E Sens of 슈프림팀) 가사-QuC_EqHjA7Y.mp3,hip-hop,프라이머리 ,독 (Feat. E Sens of 슈프림팀) ,0.6755933060073422,0.8069991828066674,0.2578728374835993,0.27705673075892706,0.2627057530209859,0.3736505509439074,0.0,0.6669472164754603,0.018806032124200237,1.0,0.2550945017974743,0.2551024945042067,0.2550944865052937,0.25511045155804224,0.2550944839417987,0.2551619178874769,0.2550943965576306,0.2551531891698189,0.2563140598456341,0.255201166979114,0.2562230350357209,0.25519832450048496,0.25645353628010664,0.25540552030690594,0.2564647880305229,0.2553936862261077,0.2569231230596612,0.2551827163641107,0.2568912849588844,0.2551803080291265,0.25548012513469925,0.2554366104414936,0.2554681552390733,0.2554273000341062
3,"기리보이, Kid Milli, NOEL, 스윙스  - flex (Prod.By 기리보이).mp3",hip-hop,"기리보이, Kid Milli, NOEL, 스윙스 ",flex (Prod.By 기리보이),0.8016775673713767,0.8016775673713767,0.27778694103064755,0.4861644617721603,0.28045287629316074,0.5490460135385948,0.0,0.9401019983184618,0.004751661819105525,1.0,0.2672391582725457,0.2673649690255982,0.2672389328063256,0.2673513826787872,0.2672391366901384,0.2673990816631802,0.2672390760725445,0.26739704868418085,0.2687795976153831,0.2673277049582365,0.2686983384648937,0.2673298509756736,0.2685392176040959,0.267601649978482,0.2686820512086485,0.26759830802984075,0.269073167598587,0.2673418838282964,0.2691780209736965,0.2673289101378598,0.2677620802885918,0.2676886325853109,0.2677795184996161,0.2677010904142689
4,슈퍼비 (SUPERBEE)  - +82 Bars [Rap Legend]-1-sg3fud1EY.mp3,hip-hop,슈퍼비 (SUPERBEE) ,+82 Bars ,0.8510341076322601,0.8510341076322601,0.29600330626327315,0.5079081569594974,0.2978116650837031,0.5680821380063956,0.0,0.9191378069014204,0.004235840881128493,1.0,0.2852088629109197,0.28536808880170894,0.2852091837610889,0.2852973141258361,0.2852088818538077,0.2854255546233345,0.2852089228029258,0.2853139186207768,0.28699184416567164,0.2852894954279187,0.28684821319269704,0.2852897273543669,0.2868272532677342,0.2855776058137389,0.2869344465224224,0.28556114519358106,0.2872428638986335,0.2853136423829557,0.2873193982057601,0.28530870451994206,0.2857929417300005,0.2857063814124641,0.2857532880795247,0.2856780815942101
5,"Jvcki Wai, 영비, Osshun Gum, 한요한  - 띵 (Prod.By 기리보이).mp3",hip-hop,"Jvcki Wai, 영비, Osshun Gum, 한요한 ",띵 (Prod.By 기리보이),0.8579048541464988,0.8579048541464988,0.28676268545496103,0.531599959286285,0.2867304614349621,0.5370916643344146,0.0029081726003185593,1.0,0.0,0.9540056003860029,0.27569705493664864,0.27589640684554073,0.27569638026999915,0.27578651223749895,0.27569710787300883,0.2758873653292169,0.2756969892744245,0.27580645302448786,0.2769629633805652,0.2758209590277046,0.2771544475681313,0.27581930612407823,0.2768493636624526,0.2760426518830956,0.2772336898487152,0.2760496019453639,0.27760430603225034,0.2758045132012795,0.2776789845776056,0.2758030990240641,0.27622540127758044,0.2761524722854736,0.2762256560544641,0.2761526567346938
6,창모 (CHANGMO)  - METEOR.mp3,hip-hop,창모 (CHANGMO) ,METEOR,0.8879348075424855,0.5390899590766771,0.2435329799167537,0.4399291208946394,0.2444072393328296,0.447079792356564,0.0,0.8855333191531799,0.006430807891330354,1.0,0.2367575990559553,0.2368675127215027,0.23675805574364464,0.23684903956308306,0.23675751522538385,0.2368982831527764,0.2367582083214715,0.2368303593343997,0.2377801543612345,0.2368844731705023,0.2375891282175729,0.23681493192186626,0.23821383503967986,0.2370561025713421,0.2379714654652757,0.23705682984965626,0.23843320322917586,0.23683991567527696,0.2384338398051737,0.2368433757453036,0.237035427754079,0.23701189311752965,0.2370319164459494,0.2370089732644391
7,염따  - 돈 Call Me (Prod. by BRLLNT).mp3,hip-hop,염따 ,돈 Call Me (Prod. by BRLLNT),1.0,1.0,0.3513722947183654,0.4205140785962817,0.3536446133895057,0.4661385331832476,0.0,0.7522435522730727,0.005662451948185043,0.8613973733231192,0.3466762151459239,0.3467371212680418,0.3466760453546984,0.3467002633774535,0.3466762500812863,0.3467776458662163,0.34667587239822345,0.3467160231852397,0.3478786265632864,0.3468862407549765,0.3484100683559257,0.3468406233029257,0.34833973189792955,0.3471443206344536,0.3488478995183352,0.3470673072609989,0.3488157672840529,0.34681271438264905,0.3490068586475698,0.3467915380615498,0.3471057626719312,0.3470652204426795,0.3472429063192951,0.3471723430035538
8,HAON  - 붕붕(Feat. Sik-K)(Prod. GroovyRoom).mp3,hip-hop,HAON ,붕붕(Feat. Sik-K)(Prod. GroovyRoom),0.8152278674250271,0.8152278674250271,0.2908076032926996,0.4449626007644312,0.29223058503623905,0.5042270824649108,0.0,1.0,0.0014501286710726926,0.9756054238609932,0.28219288208666143,0.2823056734608072,0.2821928486886429,0.2822540069062677,0.28219280435388816,0.28234196763310826,0.2821929295334548,0.2822730772292196,0.2835134125866741,0.2822990021339449,0.2836648134072664,0.2822815608964743,0.28357650365066417,0.28254955721217545,0.2835990046886596,0.28255113994972353,0.2842611632079525,0.2823014570932419,0.28417848006398266,0.2822863830000877,0.2825962963240969,0.2825547562962671,0.28262509487271203,0.28257741365778616
9,창모 (CHANGMO)  - 아름다워.mp3,hip-hop,창모 (CHANGMO) ,아름다워,0.6358580139330924,0.6358580139330924,0.2927724892088579,0.4430598058737865,0.2941238130896125,0.4555557514503431,0.0,0.9694679913970192,0.002978721595538525,1.0,0.2862736652844581,0.2863691439324784,0.28627342868481154,0.2863628203911101,0.2862737181657792,0.2863970305023955,0.28627379367083045,0.2863535624740457,0.2873458268160903,0.2863882211050122,0.28759428492724626,0.28639733966298003,0.28778555410292833,0.28665507713496635,0.2876588540718789,0.28665040498698874,0.288264896906219,0.2863801815762417,0.2882712892364621,0.2863761631820038,0.2866012599778434,0.2865739163556357,0.2866866164063092,0.28664316416149904
10,BTS (Suga)  - First Love.mp3,hip-hop,BTS (Suga) ,First Love,0.6064699794356454,0.5164867970035929,0.23667998228431805,0.25832559261026505,0.23897764218463224,0.2758127214384572,0.0,0.683790720067647,0.02378664468591896,1.0,0.23368252880705226,0.2337014216242373,0.23368250205824226,0.23369205788859715,0.2336825227437977,0.23371320161810444,0.2336824002666807,0.2337004063108468,0.2349883339954056,0.2337617432086117,0.2348516018135293,0.2337672291574815,0.2348211495315793,0.2339723062900448,0.23495820889228075,0.2339394771571888,0.2353057978600977,0.2337684061672396,0.23532583481307065,0.23375946164537306,0.2340802912247885,0.2340304377017343,0.23411510103636854,0.2340561403930708
0,정승환  -  언제라도 어디에서라도.mp3,balad,정승환 , 언제라도 어디에서라도,0.7024645686667023,0.7024645686667023,0.308541174575006,0.4017420521712163,0.3116556154459436,0.5193271551268263,0.0,0.6886455882413538,0.012570838688252095,1.0,0.30485488178347625,0.3049642773998573,0.3048548805198014,0.3048603669453572,0.30485488448877057,0.3050916998030879,0.3048548760383681,0.30487168060957565,0.30536143024146284,0.3048805153400024,0.3057930424445076,0.3049218215319144,0.30576199374222324,0.3051993370591034,0.3058862959502392,0.30520589141550625,0.3068265018582159,0.3049814571779576,0.30690591101571074,0.3049775208440975,0.30508346799612085,0.3050704116102642,0.3051292088885658,0.3051104034637377
1,"마크툽(MAKTUB),이라온 - 별을 담은 시.mp3",balad,"마크툽(MAKTUB),이라온",별을 담은 시,0.6698319872721339,0.6698319872721339,0.3021701624875708,0.3957385399519715,0.3075639950439255,0.5704216880627829,0.0,0.6388236249114494,0.015887812549020885,1.0,0.2980701033043359,0.2981529670217769,0.2980701251915089,0.29809066595774864,0.29807006884012305,0.29830395926002296,0.29806971010029004,0.29812973344069665,0.2989974748583401,0.2981771417726138,0.2992496337748581,0.29816768892666856,0.2991381937937146,0.298435041514122,0.2993354450213898,0.2984133071261824,0.2999226764555372,0.29818447379933544,0.30000647483978216,0.29816660655759786,0.2983118081930924,0.2982967669909435,0.29839175380950106,0.29836511789458925
2,로이킴 (Roy Kim)   -   살아가는 거야.mp3,balad,로이킴 (Roy Kim)  ,  살아가는 거야,0.6645833127347323,0.459113859071092,0.24569963977311646,0.3105826069737345,0.2470412138222462,0.3536304290430637,0.0,0.7809738560354657,0.009040778954126331,1.0,0.24283026190842344,0.24290651857855106,0.24283041711969125,0.2428339476868184,0.2428302198596747,0.24294699420955265,0.2428301531784789,0.24284252652196175,0.2432332246693965,0.24285722469949905,0.24341197446762886,0.2428882104485266,0.24366158168509866,0.24311744205609875,0.2438308286383881,0.2431089220278111,0.2444765811634611,0.2429327918397133,0.2444988803814556,0.2429207182487154,0.2430050015042301,0.24299564368841856,0.2429863060583348,0.2429788431241759
3,임창정   -   소주 한 잔.mp3,balad,임창정  ,  소주 한 잔,0.7590231535394383,0.5034994416265801,0.2498980354621008,0.2724344957373219,0.25475195844890874,0.3766149548170616,0.0,0.8248870218122449,0.011523178756984082,1.0,0.2479757403434473,0.2480026872120525,0.247975724516797,0.2479777498663676,0.2479757626446353,0.24810085706217966,0.2479757743752036,0.2480009781685905,0.2489845503509511,0.24803757619600586,0.24886990326156885,0.24802452553618806,0.24910491539766205,0.2482877611656662,0.2492072374513249,0.24828627884799506,0.24966224680188526,0.2480799920769777,0.24966434039335586,0.24806089728578926,0.2482100196498329,0.24819369337788286,0.2482747116471173,0.24824812462784285
4,Buzz   -   남자를 몰라.mp3,balad,Buzz  ,  남자를 몰라,0.5206234007486543,0.8021430061544013,0.2422756246886405,0.27721240232307537,0.24677288381022386,0.35377950842691097,0.0,0.7605019635005004,0.01945915499532469,1.0,0.23910371494422145,0.2391369277949473,0.239103834686797,0.2391139306133118,0.23910380596233816,0.23919906003699806,0.2391039789167492,0.2391336143287512,0.2402402354809335,0.2391803485345861,0.24012153315721274,0.23916269274757465,0.24008843702220706,0.2394212391723637,0.2402242631803285,0.23939047943285066,0.2407204127965493,0.23919590190146794,0.2408053546143721,0.23918818103987025,0.23939857716334886,0.2393719906505909,0.2394720045721013,0.2394305235620061
5,4MEN (포맨)   -   못해 (feat. 美).mp3,balad,4MEN (포맨)  ,  못해 (feat. 美),1.0,0.6299199444879917,0.26236961857817875,0.3010069648321672,0.2672563519985294,0.4198008171027756,0.0,0.6613650268578153,0.015169479724401582,0.9645489950905126,0.2598398861843806,0.2598805743284545,0.2598400072755665,0.2598449809002499,0.25983989446410044,0.2599864145828534,0.25983990912310984,0.259872403237826,0.2607459932439617,0.25990986698971114,0.26090910719475524,0.2599131471035847,0.2607356039740205,0.26014988707733,0.26087088558591026,0.2601550171670863,0.2615822158612163,0.25995171586421983,0.26155687880025696,0.2599311541324705,0.2601233815269497,0.2601000003555977,0.260190747868461,0.26015493427188074
6,Paul Kim(폴킴)   -   너를 만나.mp3,balad,Paul Kim(폴킴)  ,  너를 만나,0.8789380186927236,0.8462741526123249,0.29222790284826816,0.30410418816938034,0.2946128660599988,0.3716015973672091,0.0,0.8461866219227252,0.007092818947992074,1.0,0.29098842448043555,0.2910034816613371,0.2909884386541837,0.290989367667154,0.29098843373494265,0.29107880536759945,0.2909885044928649,0.2909930453815808,0.29200567902570296,0.29112645077991434,0.2917814498695832,0.2910926032129786,0.2920075202070544,0.2913529574952348,0.29196222269246114,0.2913314917572341,0.2929142101273436,0.29109485377553423,0.2929758324955059,0.2911017802844889,0.29121604853295396,0.29120265426480324,0.2912311525924356,0.29121592174828426
7,노을   -   만약에 말야-96rbyrvhwME.mp3,balad,노을  ,  만약에 말야,0.7729046076504116,0.8201347935068435,0.30272726841563985,0.3327494213386043,0.3051405743684701,0.4454716691301467,0.0,0.8906313011982303,0.004084215707530314,1.0,0.30060275062527586,0.3006363879708279,0.300602867137901,0.30060671899480396,0.30060274061342324,0.3007655743163396,0.3006026708807959,0.30061358111122183,0.301420913401079,0.3006816134009573,0.3012258775177262,0.3006830601273749,0.3016905870857214,0.3009564693294428,0.30148400042024986,0.3009562156576787,0.3025944172741229,0.3007168935004235,0.30257267790054804,0.30072590683989137,0.3007926042436869,0.3007836404397836,0.30085195525646763,0.3008365110666602
8,박효신   -   추억은 사랑을 닮아.mp3,balad,박효신  ,  추억은 사랑을 닮아,0.7995767236926693,0.7739253584138847,0.2875016642168455,0.2944359856148349,0.2901158894992249,0.33706124502184753,0.0,0.7274110084325213,0.011425694063326277,1.0,0.2865494124904383,0.28655874682371424,0.28654940160930226,0.28654970612442343,0.28654941758533803,0.2865967718692583,0.2865494750332101,0.2865576248769017,0.2872180488672746,0.2866351864922412,0.28768669172979583,0.2866406842022452,0.28754447941947997,0.2868970801008757,0.28760302830211204,0.28688859049490645,0.2884670275814335,0.28666071705218993,0.2884441544930128,0.2866560041418431,0.2867064653904985,0.28669992721455123,0.28678385563175063,0.28676928595155243
0, IU(아이유)  - Palette(팔레트) (Feat. G-DRAGON)-d9IxdwEFk1c.mp3,R&B, IU(아이유) ,Palette(팔레트) (Feat. G,0.7009608211237218,0.7009608211237218,0.3014844718061704,0.4393638708744356,0.3051399815821833,0.5336398044946937,0.0,0.7625872376068215,0.010757493045245092,1.0,0.29581039633301404,0.2958845071492658,0.2958107814804165,0.2958984225251714,0.2958105696258794,0.29595309006085546,0.2958105619261162,0.2959199688941219,0.2968636801899007,0.2959486223534196,0.2965420134166069,0.29588926803717225,0.29716464796822345,0.2961985032177311,0.2970895104551449,0.2961953920455886,0.29782848283564217,0.2959086127244556,0.29775666732510625,0.2959129597908873,0.2961306695186646,0.29610455456028234,0.2961850077578697,0.29614926905785394
1,헤이즈 (Heize)  - 저 별.mp3,R&B,헤이즈 (Heize) ,저 별,0.7025979378961698,0.6342339395613152,0.33489514163440715,0.3792251830123157,0.33904874954478115,0.531340148908567,0.0017838157562963808,1.0,0.0,0.9345673119040608,0.3314790900597135,0.33152497476529164,0.33147907520892494,0.3314863664746968,0.3314789910015806,0.33164612245798225,0.3314773073600467,0.3315346703673193,0.3327864820738668,0.3315853881175789,,,0.33261075767620096,0.3318858525419914,0.3329698770126225,0.3318786309430088,0.3337533068540999,0.3316119527508515,0.33380007229703623,0.33159712545139525,0.33187740442903496,0.3318417701720092,0.33185813130301633,0.3318258620638683
2,"[Audio] 아이유  - 사랑이 잘 (With. 오혁), IU - Can‘t Love You Anymore (With. OHHYUK)-dMn509ddAkc.mp3",R&B,[Audio] 아이유 ,"사랑이 잘 , IU",0.7292247582139304,0.5031450944497569,0.2720474484694852,0.4282696165759207,0.2737142522382321,0.5001702292312529,0.0,0.8531298803545,0.005899955524461986,1.0,0.2651665518814973,0.26529128079303305,0.26516655478962875,0.2652159535102806,0.26516653219288044,0.2653238874153341,0.26516587461226643,0.2652453456551966,0.2665569318912399,0.2652751822054241,,,0.2662912607682937,0.26552926032104635,0.2664211799755193,0.2655038486142465,0.26692082735513456,0.2652718839007703,0.2669345813441971,0.2652565148905747,0.2655692988798148,0.2655241276718092,0.26551301371098546,0.2654795845336653
3,JIDA  - Autumn Breeze (Feat - Rachel Lim).mp3,R&B,JIDA ,Autumn Breeze (Feat,0.5278579592696007,0.7965299012663136,0.2643868441642004,0.4206778678896952,0.2667866589882153,0.5305292812665883,0.0,0.8949044983684674,0.00617151241971764,1.0,0.25918607403285643,0.2593431578669092,0.2591859499541101,0.25921372187529673,0.2591859580431368,0.2594532741806317,0.25918590054857904,0.2592275742538724,0.2600709123676764,0.2592593746138879,,,0.2602350700433472,0.25953369627010003,0.26021857226437745,0.2595018384573237,0.2609300020286442,0.2592998815924725,0.2608830396716456,0.2592808664245845,0.25943419054508937,0.2594167685187636,0.2594373275818003,0.25941946232514634
4,Dean  - D (Half Moon) ft. Gaeko-eelfrHtmk68.mp3,R&B,Dean ,D  ft. Gaeko,0.9905566714328644,0.9905566714328644,0.30765659774986026,0.4745590504110483,0.31166821514674103,0.6612477609325327,0.0,0.7624940079143605,0.010697893120879652,1.0,0.3013672350197196,0.3015134079938906,0.3013668798536868,0.3014054459350111,0.3013673823925582,0.30172123995386113,0.301367539927195,0.30142177772846457,0.3025803558388259,0.3014619067989581,,,0.30257865761791153,0.30175212809059804,0.3028727974125255,0.301733705402076,0.30338899586952434,0.3015068709916362,0.3034985319485568,0.30145476150343803,0.3017161547903988,0.3016857251779552,0.3016597997400854,0.3016384060188836
5,폴킴 (Paul Kim)  - 비.mp3,R&B,폴킴 (Paul Kim) ,비,0.7635092338579084,0.4898331289251456,0.26749179582652005,0.29867844665538673,0.2730152566931285,0.5447092763923709,0.0,0.5760118800309186,0.014736482951584973,1.0,0.2659162989550312,0.26594958662558743,0.2659161359708108,0.26591968129548843,0.2659163160147637,0.2661790470193177,0.26591624259716656,0.26595697926361417,0.2665164570326812,0.2659743586298265,,,0.2668622401115969,0.2662307130669931,0.2669184996959992,0.2662253654029817,0.267676593554146,0.2660058071813654,0.2676640275379969,0.2660086349908171,0.26604818694569593,0.2660431699612213,0.26608751275424725,0.26607905733271303
6, Urban Zakapa(어반자카파)  - Thursday Night(목요일 밤) (feat. Beenzino(빈지노))-Rcagb_psrbs.mp3,R&B, Urban Zakapa(어반자카파) ,Thursday Night(목요일 밤) (feat. Beenzino(빈지노)),0.5785292800488031,0.5785292800488031,0.26995903867826704,0.4266977942993952,0.2717829006651685,0.4567125225107935,0.0,0.7500325481611705,0.012976406019913844,1.0,0.26372462035696603,0.26383310315396313,0.26372450409166204,0.263786975109097,0.2637246227693487,0.2638484513671887,0.263724602027512,0.26379596093571844,0.2648315627834545,0.2638039869216922,,,0.26482597896933924,0.2640650048406545,0.2649602126527035,0.26405061966320503,0.26546925991276826,0.2638266578886344,0.2654847558783462,0.2638121033277092,0.2640013942672236,0.26397971468838793,0.2640319151881167,0.2640051902911251
7,Adele  - Hello-YQHsXMglC9A.mp3,R&B,Adele ,Hello,1.0,0.9188660377480219,0.310753409325874,0.3111026139740071,0.3116106860915185,0.32340725942356074,0.0,0.5324606529325969,0.0057317174447169,0.7561909558043536,0.3103605763163304,0.31036158734342395,0.3103600933205894,0.31036175907479185,0.3103611740331802,0.3103749458120433,0.3103603390928727,0.310362678838359,0.31137549896811195,0.31043546895839924,,,0.3127269573967025,0.3106338540427285,0.31185544343203997,0.3107573527557703,0.31246182041381737,0.3104494695464026,0.3124459291748969,0.3104815946050368,0.3106447019862377,0.3106246425435757,0.3106212901358617,0.3106044082457992
8,Sam Smith  - I'm Not The Only One (Official Video)-nCkpzqqog4k.mp3,R&B,Sam Smith ,I'm Not The Only One ,0.658967450348068,0.658967450348068,0.3211377381369772,0.3582782325110382,0.3255433135191773,0.5249439369633622,0.0,0.4867741864398736,0.017717756461565926,1.0,0.3193950877969453,0.3194087373508264,0.3193951073988374,0.3194211731692671,0.3193950112214693,0.3195332618327218,0.31939475042684484,0.31946214121053496,0.32037463019372325,0.3194657909999493,,,0.3214309335806051,0.3197421756559735,0.32098248965253084,0.31977769219498503,0.32153993009382004,0.3194947715845702,0.32154013576227936,0.3194951829594295,0.3196300418814482,0.319616488152962,0.3195907229937768,0.31958132562537944
0,Maroon 5  - Sugar (Official Music Video)-09R8_2nJtjg.mp3,pop,Maroon 5 ,Sugar ,0.7239187158466347,0.7035928556587647,0.2793587246232398,0.3095489828113067,0.28554458003565425,0.4616086430699478,0.0,0.5858037396996643,0.02217905738354553,1.0,0.2767517312958054,0.27676242909235915,0.2767497976256125,0.2767724758693299,0.2767499027111383,0.2768647886547181,0.2767496612631276,0.2768259983479497,0.2775952683185812,0.27682950066549417,0.2778439483511129,0.2768154216470932,0.2783586299848917,0.2770669755204456,0.2781337956755621,0.2770876701860049,0.2786674345352791,0.2768289633506477,0.27862586400879896,0.2768440852840917,0.2770421733739382,0.2770186500207113,0.2771222506953204,0.2770840777318112
1,Carly Rae Jepsen  - Call Me Maybe-fWNaR-rxAic.mp3,pop,Carly Rae Jepsen ,Call Me Maybe,0.8514156228514809,0.8514156228514809,0.3327477141285691,0.3707649867353653,0.3332482199592572,0.3751713587710398,0.0,0.950454139998032,0.003389609660345128,1.0,0.3287572660569488,0.3287824871294422,0.32875750620100924,0.32877481918207435,0.3287572901279873,0.3287836275341694,0.3287574404667192,0.3287789985435037,0.3303342691114658,0.3288771117814216,0.3303896540583364,0.3288966739948091,0.3304830595066514,0.3291738178791054,0.33061905330447305,0.32915137028033875,0.33101750599872404,0.32887482247484723,0.3308741743426093,0.3288761029547253,0.3292401068275419,0.32918771669471264,0.3293066872206008,0.3292388522986186
2,Sia  - Chandelier (Official Video)-2vjPBrBU-TM.mp3,pop,Sia ,Chandelier ,0.5962621091102221,0.4981887415903044,0.2337497087882243,0.3432900924856588,0.2381950220536183,0.4594042781757128,0.0,0.7521995148970828,0.019198882855249542,1.0,0.2284870129688485,0.22858943405156376,0.228487431499972,0.22850979630738716,0.2284869975552299,0.22870160546549495,0.2284869729403297,0.2285308799765133,0.22924332398104136,0.2285350113270445,0.229393700321818,0.22852684020675185,0.22951236384729676,0.2287822723843506,0.229638071918636,0.2287531599553421,0.2302034461843864,0.22859818598193546,0.2302283732793153,0.2285738279866188,0.2287845354568216,0.22875625945329264,0.22882040852802735,0.2287849036532539
3,Mark Ronson  - Uptown Funk (Official Video) ft. Bruno Mars-OPf0YbXqDm0.mp3,pop,Mark Ronson ,Uptown Funk ,0.8967855470389283,0.8967855470389283,0.35731088401612143,0.4460724241062045,0.361136336788178,0.4963943949919965,0.0,0.7937441210891099,0.014533321646545527,1.0,0.3511414428688426,0.3511708881272125,0.3511426060299038,0.35121654765628724,0.35114149070936,0.3512039393140073,0.3511429817376444,0.35123476402463105,0.3528842923221884,0.35124889496141604,0.3527931856612969,0.3512289935370773,0.3532643530766178,0.3515943328285336,0.35339454780956553,0.3515491945586384,0.3535353689801982,0.35125684081477504,0.35354721889878704,0.35124730411548494,0.3518551301554289,0.3517455015673052,0.3518655099036108,0.3517526691011722
4,Ed Sheeran  - Shape of You (Official Music Video)-JGwWNGJdvx8.mp3,pop,Ed Sheeran ,Shape of You ,0.7276840939092635,0.7276840939092635,0.2690090713649693,0.4335960249217325,0.2715104791047297,0.5054650570923488,0.0,0.9326377396715432,0.005177821406846361,1.0,0.2626587378705955,0.2627901907641025,0.2626570331133789,0.2627131800027033,0.2626585543789911,0.26282851829586623,0.26265775202358443,0.26274351923578176,0.2636296289596313,0.26274051784165026,0.2635154625599646,0.2627380458691054,0.26386525514664017,0.2630095862384968,0.2638462602795913,0.26298592675213184,0.2645213278572097,0.2627621012516801,0.2645750551840577,0.2627451820710396,0.2629493097467636,0.26292587077878843,0.26295376328793585,0.2629296000287443
5,Wiz Khalifa  - See You Again ft. Charlie Puth [Official Video] Furious 7 Soundtrack-RgKAFK5djSk.mp3,pop,Wiz Khalifa ,See You Again ft. Charlie Puth ,1.0,1.0,0.32466068428782485,0.4799419282651407,0.32681382148438803,0.5318771357171228,0.0,0.7815390777865168,0.004781723863178489,0.8532141101070827,0.3194961074591102,0.3196486419993851,0.3194962452824692,0.3195281650539888,0.3194960908975855,0.3197076994809924,0.3194957623221485,0.3195319451837909,0.3204083033367037,0.3196159138322233,0.3208150572887965,0.3196060224380583,0.32083664756767555,0.3199419295899805,0.3209738391881659,0.3199215055203853,0.3216865103308472,0.3196133140627032,0.3216776614055231,0.3196102971481581,0.3197674711555543,0.31974997715510595,0.3197808829287168,0.3197616178950056
6,The Wanted  - Glad You.mp3,pop,The Wanted ,Glad You,0.7025319619856433,0.7025319619856433,0.2571228593082901,0.2638294590678237,0.2588816386387053,0.2817409472589372,0.0,0.7584885487284518,0.01544814230503111,1.0,0.25529803071663026,0.2553047592197876,0.2552979794448335,0.2553002834924729,0.2552980528584595,0.2553176066337901,0.2552980773342405,0.2553060965611421,0.25667725985563444,0.2553944163372415,0.2565327571289785,0.2553682405288035,0.2564420527943512,0.2556050489328669,0.25674045731607553,0.2555968209165061,0.2571076142572668,0.25539242607698115,0.2573085797572475,0.2553837007880105,0.2557146283953785,0.2556644891615037,0.255679695963674,0.2556376125498903
7,Cheryl Cole  - Fight For This Love (Official Video)-4umc87T5UMs.mp3,pop,Cheryl Cole ,Fight For This Love ,0.9288207051692344,0.9288207051692344,0.35618495694184965,0.36383341831009536,0.35707527581296805,0.3689535819777094,0.0,0.7917482184555162,0.01139605303362673,1.0,0.3539242512704296,0.3539294567087543,0.35392441273106273,0.3539297147904224,0.3539242193864716,0.3539346742938696,0.3539243202741563,0.3539298688281232,0.3555127716420285,0.3540800528526529,0.3555844278124347,0.35401277099168466,0.3557763379947931,0.3543563235795178,0.3556358275806409,0.3543370474884385,0.35628421312011505,0.35405294789684005,0.35625394296133794,0.3540332670128956,0.3544902534387853,0.3544216882272436,0.3545111351973238,0.3544374173684577
0,TWICE  - KNOCK KNOCK.mp3,k-pop,TWICE ,KNOCK KNOCK,0.7159481691627932,0.7159481691627932,0.2655193864184612,0.5273783901734655,0.26991131611960034,0.6144153369195798,0.0,0.8821358810509744,0.013447539825987537,1.0,0.2549363601000701,0.2551134146507973,0.2549367506184637,0.2550211485942172,0.2549362977342572,0.2551921488662185,0.2549353397136684,0.2550452342658895,0.25633474040629856,0.2550493791560464,0.256317926905394,0.2550195909836239,0.2564303474548291,0.25525857120875345,0.2563872109239693,0.2552371342483449,0.2566858603800813,0.2550298562718764,0.256672000376064,0.2550208486051787,0.2553350213123541,0.2552904739081455,0.2554179427541294,0.255352938072411
1,BIGBANG  - 맨정신.mp3,k-pop,BIGBANG ,맨정신,0.6393262071863748,0.6393262071863748,0.2330478985046841,0.4859844302773484,0.2350516645203465,0.5219002394861271,0.0,0.9463395200131786,0.008826588830026155,1.0,0.2227140526096972,0.2229017113239452,0.22271709490763836,0.2228026727113904,0.22271421035092406,0.22294627425828453,0.22272007400495092,0.22280093572031515,0.2243006840830984,0.22277152439564005,0.2239525835572863,0.22278967296648894,0.22398880477206354,0.2229994691730096,0.22404357951872556,0.22298618986849147,0.22442900584867112,0.2228146447108668,0.22463162757117436,0.2227917173812627,0.2230206840465061,0.2229915025715915,0.22305577412474506,0.2230195345577592
2,블랙핑크(BLACKPINK)  - 불장난.mp3,k-pop,블랙핑크(BLACKPINK) ,불장난,0.5927992108535047,0.5927992108535047,0.2623527395164374,0.4227851890028729,0.2640826151425737,0.4692302293686267,0.0,0.8930522223713495,0.005920405862798322,1.0,0.2544585576160221,0.25458844541755904,0.2544607244345026,0.25451057523220544,0.2544592778589048,0.25461551099466523,0.2544624113181769,0.2545322374048616,0.25587149707566204,0.2545726821649873,0.25571754464981744,0.2545313527820398,0.25572113249292816,0.2547907971396191,0.2558018854183098,0.2547814065705412,0.2562124581426073,0.2545651191603132,0.2562659285267007,0.2545479458671394,0.2548389185248205,0.25479786242829205,0.2548749905573094,0.2548257918606308
3,숀  - 습관.mp3,k-pop,숀 ,습관,0.7305830979444834,0.7305830979444834,0.2898726253825199,0.4683947230276153,0.29318094386307336,0.5660177016714407,0.0,0.8014676777098492,0.009816725054209552,1.0,0.28227953472127915,0.2823904268482934,0.28227944217610684,0.28237486837036,0.2822795938610414,0.28249432081497683,0.2822801087747996,0.2823701361887144,0.2835892757008716,0.28235955840909355,0.28354358189500506,0.28236644031051955,0.28363078494280625,0.2826655001952804,0.2836845355647418,0.28263648861306234,0.28428976454878635,0.2823800947003446,0.2842592276516624,0.2823677559714457,0.2826279760787262,0.2825961799757297,0.28263059276924657,0.2825983172145753
4, 마마무  - HIP.mp3,k-pop, 마마무 ,HIP,0.8061132560577817,0.8061132560577817,0.29331232738097457,0.6365890347246796,0.2960143089468105,0.6877892379111119,0.0,0.8672104114997004,0.009614201578322379,1.0,0.283798931598353,0.28404644148398905,0.28379811585089515,0.28392204814427285,0.2837988144427235,0.2840745340645157,0.2837962536855882,0.2839501844334178,0.2850478425881241,0.2838600138744529,0.2850104355343533,0.2838527555770645,0.2854196896682085,0.2841780903255683,0.2854898379515389,0.2841564014653705,0.2858633860244367,0.2839002410633509,0.2857042281660365,0.2838983791334427,0.28413670991242085,0.2841069838599623,0.2841407159496742,0.2841102808377058
5,BIGBANG  - 에라 모르겠다.mp3,k-pop,BIGBANG ,에라 모르겠다,0.7296081055450148,0.7296081055450148,0.34136707702923136,0.5255638753552108,0.34668652521556703,0.6138889350944279,0.0,0.91650873461935,0.008552702083257755,1.0,0.33152893404637096,0.3316290489585191,0.3315265847716609,0.3316315115760141,0.3315243779667821,0.3316923024294641,0.3315222784849132,0.3316634857503957,0.3331875277677625,0.3316539903051787,0.3333966849551398,0.3316150675909509,0.3331422102134547,0.3319625201668537,0.3331426284333518,0.33195610020516353,0.3339471937731973,0.3316325981105745,0.33376676058112903,0.3316413028614212,0.33209860918870665,0.3320238333377939,0.3322318406632045,0.3321186191231099
6,선미  - 주인공.mp3,k-pop,선미 ,주인공,0.861717513290253,0.861717513290253,0.33341205810921165,0.4811606747906563,0.3395654187428677,0.5868227991495087,0.0,0.7861363518089666,0.016111162591130712,1.0,0.3264434408287061,0.3265363686515008,0.32644386914760937,0.3265058549627263,0.3264434218678296,0.326652034086913,0.3264433232601191,0.3265209678768361,0.32806002647792537,0.3266063418198685,0.327631890204621,0.3265190606117352,0.32839865833213633,0.32688836930401405,0.328010890345307,0.3268324912968989,0.3287477360972252,0.32659390730594834,0.3287367157521924,0.3265599135073632,0.3268316670486341,0.3267969977813409,0.327026973998998,0.3269486649215575
7,마마무  -  Piano Man.mp3,k-pop,마마무 , Piano Man,0.6767520642526423,0.6767520642526423,0.2756454957655287,0.3384799350851984,0.2828729748061365,0.4858112498105305,0.0,0.6676533735571053,0.02161304126032626,1.0,0.27210407237542783,0.2721600361153785,0.2721018453200309,0.2721206611860056,0.2721046049647988,0.27223442936782005,0.2721051906835155,0.2721955759372096,0.2730841469209005,0.27217122982608954,0.2732083113744809,0.27215357513260746,0.2736153505905801,0.2724244620583953,0.27339853945663584,0.272432741124215,0.27394266473176504,0.2721935195481085,0.27390791484804355,0.2721883113497921,0.2723009026484912,0.27229018774423697,0.2725327139694099,0.2724817923289501
